{
	"require": {
		"php": ">=5.3.2"
	},
	"suggest": {
		"ext-fileinfo": "More accurate file type detection for uploaded files",
		"ext-mbstring": "Faster unicode handling",
		"ext-wikidiff2": "Faster diff generation",
		"ext-apc": "Speed up MediaWiki with opcode caching (before PHP 5.5)"
	},
	"autoload": {
		"psr-0": {
			"ComposerHookHandler": "includes/composer"
		}
	},
	"scripts": {
		"pre-update-cmd": "ComposerHookHandler::onPreUpdate",
		"pre-install-cmd": "ComposerHookHandler::onPreInstall"
	}
}
